{   
    "Institutes":[
        {
            "name": "Южно-Уральский государственный университет",
            "logo": "images/Susu.png",
            "postaddress": "г. Челябинск, пр. Ленина 76, 454080",
            "specialities":[
                [
                    "Программная инженерия",
                    "очная",
                    210,
                    200,
                    140000
                ],
                [
                     "Информатика и вычислительная техника",
                     "очная",
                     190,
                     185,
                     100000
                ],
                [
                    "Информатика и вычислительная техника",
                    "заочная",
                    190,
                    185,
                    100000
                ],
                [
                    "Прикладная математика и информатика",
                    "очная",
                    180,
                    185,
                    90000
               ]
            ]
        },
        {
            "name": "Московский государственный университет",
            "logo": "images/Mgu.png",
            "postaddress": "г. Москва, ул. Ленинские горы 1, 119234",
            "specialities":[
                [
                    "Прикладная математика и информатика",
                    "заочная",
                    405,
                    390,
                    390000
                ]
            ]
        },
        {
            "name": "Уральский федеральный университет",
            "logo": "images/Urfu.jpg",
            "postaddress": "г. Екатеринбург, ул. Мира 19, 620002",
            "specialities":[
                [
                    "Программная инженерия",
                    "очная",
                    220,
                    230,
                    145000
                ]
            ]
        }
    ]
}