{
    "Institutes": [
        {
            "logo": [
                105,
                109,
                97,
                103,
                101,
                115,
                47,
                83,
                117,
                115,
                117,
                46,
                112,
                110,
                103
            ],
            "name": [
                1070,
                1078,
                1085,
                1086,
                45,
                1059,
                1088,
                1072,
                1083,
                1100,
                1089,
                1082,
                1080,
                1081,
                32,
                1075,
                1086,
                1089,
                1091,
                1076,
                1072,
                1088,
                1089,
                1090,
                1074,
                1077,
                1085,
                1085,
                1099,
                1081,
                32,
                1091,
                1085,
                1080,
                1074,
                1077,
                1088,
                1089,
                1080,
                1090,
                1077,
                1090
            ],
            "postaddress": [
                1075,
                46,
                32,
                1063,
                1077,
                1083,
                1103,
                1073,
                1080,
                1085,
                1089,
                1082,
                44,
                32,
                1087,
                1088,
                46,
                32,
                1051,
                1077,
                1085,
                1080,
                1085,
                1072,
                32,
                55,
                54,
                44,
                32,
                52,
                53,
                52,
                48,
                56,
                48
            ],
            "specialities": [
                [
                    [
                        1055,
                        1088,
                        1086,
                        1075,
                        1088,
                        1072,
                        1084,
                        1084,
                        1085,
                        1072,
                        1103,
                        32,
                        1080,
                        1085,
                        1078,
                        1077,
                        1085,
                        1077,
                        1088,
                        1080,
                        1103
                    ],
                    [
                        1086,
                        1095,
                        1085,
                        1072,
                        1103
                    ],
                    210,
                    200,
                    140000
                ]
            ]
        },
        {
            "logo": [
                105,
                109,
                97,
                103,
                101,
                115,
                47,
                83,
                117,
                115,
                117,
                46,
                112,
                110,
                103
            ],
            "name": [
                1070,
                1078,
                1085,
                1086,
                45,
                1059,
                1088,
                1072,
                1083,
                1100,
                1089,
                1082,
                1080,
                1081,
                32,
                1075,
                1086,
                1089,
                1091,
                1076,
                1072,
                1088,
                1089,
                1090,
                1074,
                1077,
                1085,
                1085,
                1099,
                1081,
                32,
                1091,
                1085,
                1080,
                1074,
                1077,
                1088,
                1089,
                1080,
                1090,
                1077,
                1090
            ],
            "postaddress": [
                1075,
                46,
                32,
                1063,
                1077,
                1083,
                1103,
                1073,
                1080,
                1085,
                1089,
                1082,
                44,
                32,
                1087,
                1088,
                46,
                32,
                1051,
                1077,
                1085,
                1080,
                1085,
                1072,
                32,
                55,
                54,
                44,
                32,
                52,
                53,
                52,
                48,
                56,
                48
            ],
            "specialities": [
                [
                    [
                        1055,
                        1088,
                        1086,
                        1075,
                        1088,
                        1072,
                        1084,
                        1084,
                        1085,
                        1072,
                        1103,
                        32,
                        1080,
                        1085,
                        1078,
                        1077,
                        1085,
                        1077,
                        1088,
                        1080,
                        1103
                    ],
                    [
                        1086,
                        1095,
                        1085,
                        1072,
                        1103
                    ],
                    210,
                    200,
                    140000
                ]
            ]
        },
        {
            "logo": [
                105,
                109,
                97,
                103,
                101,
                115,
                47,
                83,
                117,
                115,
                117,
                46,
                112,
                110,
                103
            ],
            "name": [
                1070,
                1078,
                1085,
                1086,
                45,
                1059,
                1088,
                1072,
                1083,
                1100,
                1089,
                1082,
                1080,
                1081,
                32,
                1075,
                1086,
                1089,
                1091,
                1076,
                1072,
                1088,
                1089,
                1090,
                1074,
                1077,
                1085,
                1085,
                1099,
                1081,
                32,
                1091,
                1085,
                1080,
                1074,
                1077,
                1088,
                1089,
                1080,
                1090,
                1077,
                1090
            ],
            "postaddress": [
                1075,
                46,
                32,
                1063,
                1077,
                1083,
                1103,
                1073,
                1080,
                1085,
                1089,
                1082,
                44,
                32,
                1087,
                1088,
                46,
                32,
                1051,
                1077,
                1085,
                1080,
                1085,
                1072,
                32,
                55,
                54,
                44,
                32,
                52,
                53,
                52,
                48,
                56,
                48
            ],
            "specialities": [
                [
                    [
                        1055,
                        1088,
                        1086,
                        1075,
                        1088,
                        1072,
                        1084,
                        1084,
                        1085,
                        1072,
                        1103,
                        32,
                        1080,
                        1085,
                        1078,
                        1077,
                        1085,
                        1077,
                        1088,
                        1080,
                        1103
                    ],
                    [
                        1086,
                        1095,
                        1085,
                        1072,
                        1103
                    ],
                    210,
                    200,
                    140000
                ]
            ]
        }
    ]
}